"Timestamp","Q1. Age ","  Q2. Gender  ","  Q3. Academic Year  ","Q4. What type of music do you usually listen to while studying?  ","  Q5. When do you usually listen to music while studying?  ","  Q6. Where do you usually study while listening to music?  ","  Q7. Why do you listen to music while studying?  ","  Q8. Why do you listen to music at that time of day?  ","  Q9. Why do you study in that location?  "
"2026/01/31 5:50:03 PM EST","18–20","Female","Sophomore","Musicals","Night","Dorm","It helps with motivation","It helps me relax","Convenience"
"2026/01/31 5:53:33 PM EST","18–20","Female","Sophomore","Pop","Night","Dorm","It helps with motivation","It helps me relax","Convenience"
"2026/01/31 6:01:39 PM EST","18–20","Female","Freshman","Pop","Night","Dorm","It helps with motivation","That’s when I study most","Convenience"
"2026/01/31 6:12:11 PM EST","21–23","Male","Junior","Pop","Night","Dorm","It helps me focus","That’s when I feel most focused","Convenience"
"2026/01/31 6:59:34 PM EST","18–20","Female","Freshman","Instrumental (no lyrics)","Afternoon","Dorm","Blocks out distractions","That’s when I feel most focused","both"
"2026/01/31 8:35:01 PM EST","21–23","Female","Junior","Lo-fi","Night","Campus study space","Blocks out distractions","Helps me stay awake and reduces mental fatigue.","The room has natural light (sun shines through), a tree, and books. It makes the space feel comfortable. "
"2026/01/31 8:40:09 PM EST","18–20","Male","Junior","Instrumental (no lyrics)","Night","Campus study space","Blocks out distractions","It helps me relax","Quiet environment"
"2026/01/31 10:15:53 PM EST","18–20","Male","Freshman","Instrumental (no lyrics)","Night","Dorm","It helps me focus","That’s when I feel most focused","Quiet environment"
"2026/02/01 2:38:58 AM EST","21–23","Female","Senior","Instrumental (no lyrics)","Afternoon","Campus study space","Blocks out distractions","That’s when I study most","Convenience"
"2026/02/01 2:40:33 AM EST","21–23","Female","Senior+ / Graduate","R&B","Afternoon","Dorm","Blocks out distractions","That’s when I study most","Convenience"
"2026/02/01 1:59:24 PM EST","18–20","Female","Freshman","I do not listen to music while studying","I don’t listen to music while studying","Library","I don’t listen to music while studying","That’s when I feel most focused","Quiet environment"
"2026/02/01 9:34:08 PM EST","21–23","Female","Senior","I do not listen to music while studying","I don’t listen to music while studying","Dorm","I don’t listen to music while studying","It helps me relax","Convenience"
"2026/02/02 7:02:46 AM EST","21–23","","Senior","I do not listen to music while studying","I don’t listen to music while studying","Dorm","I don’t listen to music while studying","That’s when I feel most focused","Quiet environment"
"2026/02/02 3:41:49 PM EST","18–20","Female","Freshman","Classical","Night","Dorm","Blocks out distractions","That’s when I study most","Quiet environment"